{"count": 15, "results": [{"id": 1, "name": "Getting Access", "description": "See if you can register an account on the employee portal!\r\n\r\n[https://portal.ctf.how](https://portal.ctf.how)", "max_attempts": 0, "value": 0, "category": "Secure Employee Portal", "type": "standard", "state": "visible", "requirements": "{\"prerequisites\": []}"}, {"id": 2, "name": "We love phish", "description": "If only we could send an unsuspecting user to our phishing page! See if you can redirect them there some how...\r\n\r\n(You can redirect them to any website).", "max_attempts": 0, "value": 0, "category": "Secure Employee Portal", "type": "standard", "state": "visible", "requirements": "{\"prerequisites\": [1]}"}, {"id": 3, "name": "Documentation is Key", "description": "We heard there might be some important information left around by the developers. Can you find it?", "max_attempts": 0, "value": 0, "category": "Secure Employee Portal", "type": "standard", "state": "visible", "requirements": "{\"prerequisites\": [1]}"}, {"id": 4, "name": "Did someone say Backup?", "description": "Backups are important... just not when everyone has access.", "max_attempts": 0, "value": 0, "category": "Secure Employee Portal", "type": "standard", "state": "visible", "requirements": "{\"prerequisites\": [3]}"}, {"id": 5, "name": "alert(\"Hello World\")", "description": "Wouldn't it be nice if the dashboard alerted you with \"Hello world\" every time you logged in?", "max_attempts": 0, "value": 0, "category": "Secure Employee Portal", "type": "standard", "state": "visible", "requirements": "{\"prerequisites\": [1]}"}, {"id": 6, "name": "Hacking Fred", "description": "Try to get access to Fred's account! We know his username... if only we could hack his password.", "max_attempts": 0, "value": 0, "category": "Secure Employee Portal", "type": "standard", "state": "visible", "requirements": "{\"prerequisites\": [4]}"}, {"id": 7, "name": "We want Admin!", "description": "Earlier you managed to get access to the database backup. We put our best hackers on it and unfortunately the admin's password was old. If only there was some other way to gain access to the admin's account. \r\n\r\nNote this challenge is significantly more difficult than any others in this track.", "max_attempts": 0, "value": 0, "category": "Secure Employee Portal", "type": "standard", "state": "visible", "requirements": "{\"prerequisites\": [4]}"}, {"id": 8, "name": "Who owns this site?", "description": "Who is the organization that registered this domain? Maybe there's some important information there.", "max_attempts": 0, "value": 0, "category": "Recon", "type": "standard", "state": "visible", "requirements": "null"}, {"id": 9, "name": "We're transparent", "description": "We're pretty transparent, for a CTF that is. Can you find our missing subdomain?", "max_attempts": 0, "value": 0, "category": "Recon", "type": "standard", "state": "visible", "requirements": "null"}, {"id": 10, "name": "You lucky day!", "description": "Can you win the lottery? Goodluck!\r\n\r\n[Go to Lottery](https://lottery.ctf.how)", "max_attempts": 0, "value": 0, "category": "Cryptography", "type": "standard", "state": "visible", "requirements": "null"}, {"id": 11, "name": "The new web!", "description": "We have an error in our new web source code... can you help us fix it?\r\n\r\n[https://new-web.ctf.how/](https://new-web.ctf.how)", "max_attempts": 0, "value": 0, "category": "Web", "type": "standard", "state": "visible", "requirements": "null"}, {"id": 12, "name": "Secure File Download", "description": "**Difficulty**: Very Hard\r\n\r\nWe've got a secure file download server! No one will ever get access to the flag!\r\n\r\nCan you download the flag? [https://download.ctf.how](https://download.ctf.how)", "max_attempts": 0, "value": 0, "category": "Cryptography", "type": "standard", "state": "visible", "requirements": "null"}, {"id": 13, "name": "Robots! Robots! Everywhere!", "description": "**Difficulty:** Easy\r\n\r\nSee if you can find the flag. Think like a robot.\r\n\r\n[https://download.ctf.how/](https://download.ctf.how/)", "max_attempts": 0, "value": 0, "category": "Web", "type": "standard", "state": "visible", "requirements": "null"}, {"id": 14, "name": "Go with the flow", "description": "We managed to get restricted access to a box! \r\n\r\n`ssh restricted@ctf.how -p 5000` the password is `SuperSecureP4sswor@d`\r\n\r\nI think all you need to do is run `./getflag` and the system might give you the flag? Goodluck!\r\n\r\nP.S. We managed to get the source to the binary, see the attached file.", "max_attempts": 0, "value": 0, "category": "Reverse", "type": "standard", "state": "visible", "requirements": "null"}, {"id": 15, "name": "Dig Deeper", "description": "If you dig a hole deep enough you might find some buried treasure.", "max_attempts": 0, "value": 0, "category": "Recon", "type": "standard", "state": "visible", "requirements": "null"}], "meta": {}}