{"count": 16, "results": [{"id": 1, "challenge_id": 1, "type": "static", "content": "flag{sql-injection-is-dangerous}", "data": null}, {"id": 2, "challenge_id": 2, "type": "static", "content": "flag{open-redirects-no-good}", "data": null}, {"id": 3, "challenge_id": 3, "type": "static", "content": "flag{sensitive-data-exposure-isnt-good}", "data": null}, {"id": 4, "challenge_id": 4, "type": "static", "content": "flag{local-file-inclusion-found}", "data": null}, {"id": 5, "challenge_id": 5, "type": "static", "content": "flag{you-found-the-xss}", "data": null}, {"id": 6, "challenge_id": 6, "type": "static", "content": "flag{you-own-all-the-passwords}", "data": null}, {"id": 7, "challenge_id": 7, "type": "static", "content": "flag{csrf-is-dangerous}", "data": null}, {"id": 8, "challenge_id": 9, "type": "static", "content": "flag-cert-transparency-subdomain-leak", "data": ""}, {"id": 9, "challenge_id": 10, "type": "static", "content": "flag{weak_prng_is_we4k}", "data": null}, {"id": 10, "challenge_id": 8, "type": "static", "content": "flag{this-could-be-personal-info}", "data": null}, {"id": 11, "challenge_id": 11, "type": "static", "content": "flag{javascript-0bfusction}", "data": null}, {"id": 12, "challenge_id": 12, "type": "static", "content": "flag{you_just_needed_the_right_3xtension}", "data": null}, {"id": 13, "challenge_id": 13, "type": "static", "content": "flag{aint_n0_g00gl3_h3r3}", "data": null}, {"id": 14, "challenge_id": 14, "type": "static", "content": "flag{y0u_found_a_buffer_0verflow}", "data": null}, {"id": 15, "challenge_id": 15, "type": "static", "content": "flag{you_have_dug_deep}", "data": null}, {"id": 16, "challenge_id": 9, "type": "static", "content": "flag-cert-transparency-subdomain-leak.ctf.how", "data": null}], "meta": {}}