{"count": 24, "results": [{"id": 1, "type": "standard", "challenge_id": 1, "content": "You're on the right track if you've been trying [SQL Injection](https://www.w3schools.com/sql/sql_injection.asp).", "cost": 0, "requirements": "null"}, {"id": 2, "type": "standard", "challenge_id": 2, "content": "There might be an [open redirect](https://portswigger.net/kb/issues/00500100_open-redirection-reflected) somewhere on the login page", "cost": 0, "requirements": "null"}, {"id": 3, "type": "standard", "challenge_id": 3, "content": "It's always important to document your HTML!", "cost": 0, "requirements": "null"}, {"id": 4, "type": "standard", "challenge_id": 4, "content": "Think local file inclusion. Remember that comment referencing the Backup.sql file? See if you can access it somehow.", "cost": 0, "requirements": "null"}, {"id": 5, "type": "standard", "challenge_id": 5, "content": "Perhaps there's a stored XSS that affects the dashboard page. What content do you have control over on that page?", "cost": 0, "requirements": "null"}, {"id": 6, "type": "standard", "challenge_id": 6, "content": "Earlier you found the backup.sql DB dump. In there were paswords hashed via MD5. Perhaps we could figure out what fred set as his password from that?", "cost": 0, "requirements": "null"}, {"id": 7, "type": "standard", "challenge_id": 7, "content": "Take a look at the messanger page. Appearently the admin reads his messages instantly. Is there a malicious payload you could put there?", "cost": 0, "requirements": "null"}, {"id": 8, "type": "standard", "challenge_id": 7, "content": "So you probably just tried dumping his cookie via XSS. Sorry, no cookies for you :( - Perhaps there's another way we can get access. Is there something else on the portal which we might be able to abuse to have control over his account?", "cost": 0, "requirements": "null"}, {"id": 9, "type": "standard", "challenge_id": 7, "content": "So you know there's XSS. You also know we can't access his cookies. What if we could change his password somehow? Are you able to change your password... what if you convinced the admin to change his via that very same XSS you attempted to dump the cookie with.", "cost": 0, "requirements": "null"}, {"id": 10, "type": "standard", "challenge_id": 8, "content": "[https://who.is](https://who.is) is a great place to see who owns the website. Gotta be careful what information you make public (this can leak things like your phone number!)", "cost": 0, "requirements": "null"}, {"id": 11, "type": "standard", "challenge_id": 9, "content": "It might be in the certificate transparancy log somewhere.", "cost": 0, "requirements": "null"}, {"id": 12, "type": "standard", "challenge_id": 10, "content": "I wonder what this website is powered by?", "cost": 0, "requirements": "null"}, {"id": 13, "type": "standard", "challenge_id": 10, "content": "Is that an older version of node that's running... I wonder if that can help us?", "cost": 0, "requirements": "null"}, {"id": 14, "type": "standard", "challenge_id": 10, "content": "Perhaps that version of node has a weak PRNG?", "cost": 0, "requirements": "null"}, {"id": 15, "type": "standard", "challenge_id": 11, "content": "Perhaps this is some ofbuscation technique of a popular client side web language?", "cost": 0, "requirements": "null"}, {"id": 16, "type": "standard", "challenge_id": 11, "content": "Try googling \"jsfuck\"", "cost": 0, "requirements": "null"}, {"id": 17, "type": "standard", "challenge_id": 12, "content": "If you try to download the flag you're told you need to get `flag.txt`. Analyzing the request it looks like there's 2 parts `/api/download?file=<file>&check=<check>`\r\n\r\nWe know we can control these parameters... what happens if you change the `file` parameter to flag.txt?", "cost": 0, "requirements": "null"}, {"id": 18, "type": "standard", "challenge_id": 12, "content": "Changing the file wasn't enough. Perhaps we need to also update the integrity check. What does that look like? It's a form of a hash. Perhaps we can abuse that some how?", "cost": 0, "requirements": "null"}, {"id": 19, "type": "standard", "challenge_id": 12, "content": "So by this point you probably know that the SHA512 isn't just the sha of the file. There's an attack known as hash length extension which SHA512 is vulnerable to. See if you can abuse this some how.", "cost": 0, "requirements": "null"}, {"id": 20, "type": "standard", "challenge_id": 13, "content": "How does google know what it's allowed to look at?", "cost": 0, "requirements": "null"}, {"id": 21, "type": "standard", "challenge_id": 14, "content": "I'm guessing you tried to cat the flag on the server.. we tried that too. Perhaps if you look at the source there might be some way to get the binary to read the flag file? Is there some check which might leak the flag?", "cost": 0, "requirements": "null"}, {"id": 22, "type": "standard", "challenge_id": 14, "content": "It looks like we need to set the value of the int so that it's equal to something. We also read 16 bytes but only have 12 in the buffer, that doesn't look good.", "cost": 0, "requirements": "null"}, {"id": 23, "type": "standard", "challenge_id": 14, "content": "Reminder, this system is little endian!", "cost": 0, "requirements": "null"}, {"id": 24, "type": "standard", "challenge_id": 15, "content": "The challenge name is a reference to the `dig` command.", "cost": 0, "requirements": "null"}], "meta": {}}