{"count": 16, "results": [{"id": 1, "challenge_id": 1, "user_id": 3, "team_id": 3}, {"id": 2, "challenge_id": 2, "user_id": 3, "team_id": 3}, {"id": 3, "challenge_id": 3, "user_id": 3, "team_id": 3}, {"id": 4, "challenge_id": 4, "user_id": 3, "team_id": 3}, {"id": 5, "challenge_id": 8, "user_id": 2, "team_id": 4}, {"id": 8, "challenge_id": 9, "user_id": 2, "team_id": 4}, {"id": 9, "challenge_id": 15, "user_id": 2, "team_id": 4}, {"id": 10, "challenge_id": 13, "user_id": 2, "team_id": 4}, {"id": 11, "challenge_id": 1, "user_id": 2, "team_id": 4}, {"id": 12, "challenge_id": 2, "user_id": 2, "team_id": 4}, {"id": 13, "challenge_id": 3, "user_id": 2, "team_id": 4}, {"id": 14, "challenge_id": 5, "user_id": 2, "team_id": 4}, {"id": 15, "challenge_id": 4, "user_id": 2, "team_id": 4}, {"id": 16, "challenge_id": 6, "user_id": 2, "team_id": 4}, {"id": 17, "challenge_id": 11, "user_id": 2, "team_id": 4}, {"id": 18, "challenge_id": 7, "user_id": 2, "team_id": 4}], "meta": {}}