{"count": 3, "results": [{"id": 2, "oauth_id": null, "name": "test", "email": null, "password": "$bcrypt-sha256$2b,12$EnpmSkspF7hPz0iy0bDTfO$PuhSpDLpx42NbIYDGOwsJgWh8ZvrtJO", "secret": null, "website": null, "affiliation": null, "country": null, "bracket": null, "hidden": 0, "banned": 0, "created": "2019-04-10T23:55:21"}, {"id": 3, "oauth_id": null, "name": "matt", "email": null, "password": "$bcrypt-sha256$2b,12$gvcPSXkMKumlLWkE3p8jOe$nT9qgn3aiMICX/3t.ZjfRaHfeEVcx4q", "secret": null, "website": null, "affiliation": null, "country": null, "bracket": null, "hidden": 0, "banned": 0, "created": "2019-04-11T00:12:24"}, {"id": 4, "oauth_id": null, "name": "synse", "email": null, "password": "$bcrypt-sha256$2b,12$QJMMH.pNkTIHI4xatDF7oO$jH/L.Bae85ErcyohRLP3Oas6qC7EX7u", "secret": null, "website": null, "affiliation": null, "country": null, "bracket": null, "hidden": 0, "banned": 0, "created": "2019-04-13T02:19:46"}], "meta": {}}