{"count": 6, "results": [{"id": 1, "type": null, "ip": "71.218.153.74", "user_id": 1, "date": "2019-04-12T23:09:34"}, {"id": 2, "type": null, "ip": "71.218.153.74", "user_id": 2, "date": "2019-04-11T00:11:26"}, {"id": 3, "type": null, "ip": "71.218.153.74", "user_id": 3, "date": "2019-04-11T00:53:37"}, {"id": 4, "type": null, "ip": "66.41.190.14", "user_id": 2, "date": "2019-04-15T18:46:23"}, {"id": 5, "type": null, "ip": "24.118.222.31", "user_id": 2, "date": "2019-04-15T13:06:56"}, {"id": 6, "type": null, "ip": "24.43.226.3", "user_id": 1, "date": "2019-04-15T18:57:38"}], "meta": {}}