{"count": 3, "results": [{"id": 1, "oauth_id": null, "name": "admin", "password": "$bcrypt-sha256$2b,12$bYZE9Tx08XRW2hz4oA.H8u$GJUgFfccGTKhz5ouqjMNoj6N2xVQdXa", "email": "admin@ctf.how", "type": "admin", "secret": null, "website": null, "affiliation": null, "country": null, "bracket": null, "hidden": 1, "banned": 0, "verified": 0, "team_id": 2, "created": "2019-04-10T22:05:03"}, {"id": 2, "oauth_id": null, "name": "synse", "password": "$bcrypt-sha256$2b,12$.DSljKzziWbEbzSBcZlRgO$KRTAQouKG4OhcqHZJxfog0YMo65ibZa", "email": "ignore@ignore.me", "type": "user", "secret": null, "website": null, "affiliation": null, "country": null, "bracket": null, "hidden": 0, "banned": 0, "verified": 0, "team_id": 4, "created": "2019-04-11T00:11:13"}, {"id": 3, "oauth_id": null, "name": "matt", "password": "$bcrypt-sha256$2b,12$4bcqlSu.Mj2vzDrrjAbRiO$erZImg99G3Arroplhec7OkzwTa4Kv.i", "email": "matt@matt.matt", "type": "user", "secret": null, "website": null, "affiliation": null, "country": null, "bracket": null, "hidden": 0, "banned": 0, "verified": 0, "team_id": 3, "created": "2019-04-11T00:12:07"}], "meta": {}}